"Date","State","Cumulative doses","New doses","Dose1","Dose1 daily doses","Dose2","Dose2 daily doses"
"12/07/2021","AUS","9,149,817","51,848","6,797,698","31,537","2,325,386","21,873"
"12/07/2021","Fed gov","461,176","505","247,571","4,352","213,605","7,653"
"12/07/2021","Primary care settings","4,711,565","14,045"
"12/07/2021","NSW","1,053,060","11,467"
"12/07/2021","VIC","1,277,146","10,860","891,670","4,352","385,475","7,653"
"12/07/2021","QLD","698,170","3,773"
"12/07/2021","WA","362,423","4,810"
"12/07/2021","TAS","130,736","1,591"
"12/07/2021","SA","283,708","3,466"
"12/07/2021","ACT","101,329","1,331"
"12/07/2021","NT","70,504","0"
"11/07/2021","AUS","9,097,969","83,897","6,766,161","49,408","2,303,513","49,241"
"11/07/2021","Fed gov","460,671","779","247,066","713","213,605","66"
"11/07/2021","Primary care settings","4,697,520","35,932"
"11/07/2021","NSW","1,041,593","15,310"
"11/07/2021","VIC","1,266,286","12,320","887,699","5,026","378,586","7,952"
"11/07/2021","QLD","694,397","7,945"
"11/07/2021","WA","357,613","4,841"
"11/07/2021","TAS","129,145","1,276"
"11/07/2021","SA","280,242","3,750"
"11/07/2021","ACT","99,998","1,426"
"11/07/2021","NT","70,504","318"
"10/07/2021","AUS","9,014,072","142,500","6,716,753","70,766","2,254,272","74,042"
"10/07/2021","Fed gov","459,892","2,609","246,353","1,520","213,539","1,089"
"10/07/2021","Primary care settings","4,661,588","74,671"
"10/07/2021","NSW","1,026,283","22,121"
"10/07/2021","VIC","1,253,966","15,619","882,908","5,488","371,057","10,604"
"10/07/2021","QLD","686,452","13,525"
"10/07/2021","WA","352,772","5,952"
"10/07/2021","TAS","127,869","1,315"
"10/07/2021","SA","276,492","4,833"
"10/07/2021","ACT","98,572","1,477"
"10/07/2021","NT","70,186","378"
"09/07/2021","AUS","8,871,572","164,773","6,645,987","75,664","2,180,230","81,061"
"09/07/2021","Fed gov","457,283","3,088","244,833","2,151","212,450","937"
"09/07/2021","Primary care settings","4,586,917","89,353"
"09/07/2021","NSW","1,004,162","21,609"
"09/07/2021","VIC","1,238,347","15,528","878,182","5,295","360,164","10,370"
"09/07/2021","QLD","672,927","14,412"
"09/07/2021","WA","346,820","6,382"
"09/07/2021","TAS","126,554","1,485"
"09/07/2021","SA","271,659","10,066"
"09/07/2021","ACT","97,095","1,507"
"09/07/2021","NT","69,808","1,343"
"08/07/2021","AUS","8,706,799","139,133","6,570,323","74,087","2,099,169","75,531"
"08/07/2021","Fed gov","454,195","2,938","242,682","1,828","211,513","1,110"
"08/07/2021","Primary care settings","4,497,564","82,885"
"08/07/2021","NSW","982,553","19,768"
"08/07/2021","VIC","1,222,819","6,571","872,788","6,086","350,030","9,789"
"08/07/2021","QLD","658,515","15,704"
"08/07/2021","WA","340,438","6,806"
"08/07/2021","TAS","125,069","1,440"
"08/07/2021","SA","261,593","0"
"08/07/2021","ACT","95,588","1,431"
"08/07/2021","NT","68,465","1,590"
"07/07/2021","AUS","8,567,666","165,475","6,496,236","79,745","2,023,638","79,699"
"07/07/2021","Fed gov","451,257","3,723","240,854","2,309","210,403","1,414"
"07/07/2021","Primary care settings","4,414,679","81,908"
"07/07/2021","NSW","962,785","20,564","626,990","14,334","335,795","6,230"
"07/07/2021","VIC","1,216,248","26,540","870,132","5,961","346,115","9,823"
"07/07/2021","QLD","642,811","14,997"
"07/07/2021","WA","333,632","7,391"
"07/07/2021","TAS","123,629","2,298"
"07/07/2021","SA","261,593","5,071"
"07/07/2021","ACT","94,157","1,486"
"07/07/2021","NT","66,875","1,497"
"06/07/2021","AUS","8,402,191","146,718","6,416,491","68,431","1,943,939","66,597"
"06/07/2021","Fed gov","447,534","3,311","238,545","2,236","208,989","1,075"
"06/07/2021","Primary care settings","4,332,771","71,780"
"06/07/2021","NSW","942,221","20,562","612,656","14,431","329,565","6,131"
"06/07/2021","VIC","1,189,708","23,431","859,882","5,949","329,825","9,502"
"06/07/2021","QLD","627,814","12,670"
"06/07/2021","WA","326,241","5,250"
"06/07/2021","TAS","121,331","1,987"
"06/07/2021","SA","256,522","5,111"
"06/07/2021","ACT","92,671","1,481"
"06/07/2021","NT","65,378","1,135"
"05/07/2021","AUS","8,255,473","54,106","6,348,060","28,451","1,877,342","21,872"
"05/07/2021","Fed gov","444,223","522","236,309","502","207,914","20"
"05/07/2021","Primary care settings","4,260,991","12,497"
"05/07/2021","NSW","921,659","13,358","598,225","","323,434"
"05/07/2021","VIC","1,166,277","11,458","850,373","3,382","315,903","9,704"
"05/07/2021","QLD","615,144","4,107"
"05/07/2021","WA","320,991","4,864"
"05/07/2021","TAS","119,344","1,326"
"05/07/2021","SA","251,411","3,541"
"05/07/2021","ACT","91,190","1,388"
"05/07/2021","NT","64,243","1,045"
"04/07/2021","AUS","8,201,367","79,718","6,319,609","45,501","1,855,470","47,476"
"04/07/2021","Fed gov","443,701","609","235,807","566","207,894","43"
"04/07/2021","Primary care settings","4,248,494","32,652"
"04/07/2021","NSW","908,301","15,280"
"04/07/2021","VIC","1,154,819","12,344","847,353","4,362","307,465","10,789"
"04/07/2021","QLD","611,037","7,829"
"04/07/2021","WA","316,127","4,639"
"04/07/2021","TAS","118,018","1,160"
"04/07/2021","SA","247,870","3,749"
"04/07/2021","ACT","89,802","1,456"
"04/07/2021","NT","63,198","0"
"03/07/2021","AUS","8,121,649","151,496","6,274,108","72,820","1,807,994","81,964"
"03/07/2021","Fed gov","443,092","4,298","235,241","2,669","207,851","1,629"
"03/07/2021","Primary care settings","4,215,842","75,332"
"03/07/2021","NSW","893,021","20,332"
"03/07/2021","VIC","1,142,475","21,240","844,017","6,457","298,457","13,166"
"03/07/2021","QLD","603,208","14,984"
"03/07/2021","WA","311,488","5,787"
"03/07/2021","TAS","116,858","1,874"
"03/07/2021","SA","244,121","5,147"
"03/07/2021","ACT","88,346","1,585"
"03/07/2021","NT","63,198","917"
"02/07/2021","AUS","7,970,153","163,178","6,201,288","92,186","1,726,030","92,596"
"02/07/2021","Fed gov","438,794","3,582","232,572","1,586","206,222","1,996"
"02/07/2021","Primary care settings","4,140,510","84,496"
"02/07/2021","NSW","872,689","21,289"
"02/07/2021","VIC","1,121,235","19,663","836,681","7,212","284,552","12,258"
"02/07/2021","QLD","588,224","17,495"
"02/07/2021","WA","305,701","6,580"
"02/07/2021","TAS","114,984","1,250"
"02/07/2021","SA","238,974","6,089"
"02/07/2021","ACT","86,761","1,675"
"02/07/2021","NT","62,281","1,059"
"01/07/2021","AUS","7,806,975","161,390","6,109,102","","1,633,434"
"01/07/2021","Fed gov","435,212","2,569","230,986","1,429","204,226","1,140"
"01/07/2021","Primary care settings","4,056,014","80,463"
"01/07/2021","NSW","851,400","20,716"
"01/07/2021","VIC","1,101,572","21,797","829,525","6,725","272,045","12,494"
"01/07/2021","QLD","570,729","18,164"
"01/07/2021","WA","299,121","7,605"
"01/07/2021","TAS","113,734","1,789"
"01/07/2021","SA","232,885","5,080"
"01/07/2021","ACT","85,086","1,561"
"01/07/2021","NT","61,222","1,646"
"30/06/2021","AUS","7,645,585","144,885"
"30/06/2021","Fed gov","432,643","3,105","229,557","2,089","203,086","1,016"
"30/06/2021","Primary care settings","3,975,551","67,333"
"30/06/2021","NSW","830,684","20,836","533,576","13,285","297,108","7,552"
"30/06/2021","VIC","1,079,775","19,533","821,953","7,285","257,819","12,782"
"30/06/2021","QLD","552,565","17,058"
"30/06/2021","WA","291,516","7,657"
"30/06/2021","TAS","111,945","1,667"
"30/06/2021","SA","227,805","5,452"
"30/06/2021","ACT","83,525","1,434"
"30/06/2021","NT","59,576","810"
"29/06/2021","AUS","7,500,700","126,034"
"29/06/2021","Fed gov","429,538","2,727","227,468","1,371","202,070","1,356"
"29/06/2021","Primary care settings","3,908,218","48,309"
"29/06/2021","NSW","809,848","19,526","520,292","12,321","289,556","7,205"
"29/06/2021","VIC","1,060,242","26,858","814,534","6,818","245,705","11,779"
"29/06/2021","QLD","535,507","13,776"
"29/06/2021","WA","283,859","5,923"
"29/06/2021","TAS","110,278","1,535"
"29/06/2021","SA","222,353","4,974"
"29/06/2021","ACT","82,091","1,202"
"29/06/2021","NT","58,766","1,204"
"28/06/2021","AUS","7,374,666","48,346"
"28/06/2021","Fed gov","426,811","66","226,097","58","200,714","8"
"28/06/2021","Primary care settings","3,859,909","8,865"
"28/06/2021","NSW","790,322","10,652","507,971","10,246","282,351","406"
"28/06/2021","VIC","1,033,384","12,470","807,650","6,884","233,926","13,847"
"28/06/2021","QLD","521,731","5,740"
"28/06/2021","WA","277,936","4,577"
"28/06/2021","TAS","108,743","1,343"
"28/06/2021","SA","217,379","3,204"
"28/06/2021","ACT","80,889","1,085"
"28/06/2021","NT","57,562","344"
"27/06/2021","AUS","7,326,320","68,715"
"27/06/2021","Fed gov","426,745","146","226,039","1,430","200,706","1,713"
"27/06/2021","Primary care settings","3,851,044","22,691"
"27/06/2021","NSW","779,670","12,881","497,725","9,162","281,945","3,719"
"27/06/2021","VIC","1,020,914","12,878","800,832","5,346","220,079","9,636"
"27/06/2021","QLD","515,991","10,397"
"27/06/2021","WA","273,359","3,146"
"27/06/2021","TAS","107,400","1,611"
"27/06/2021","SA","214,175","3,817"
"27/06/2021","ACT","79,804","1,148"
"27/06/2021","NT","57,218","0"
"26/06/2021","AUS","7,257,605","119,973"
"26/06/2021","Fed gov","426,599","2,997","224,609","0","198,993","0"
"26/06/2021","Primary care settings","3,828,353","49,963"
"26/06/2021","NSW","766,789","18,088","488,563","10,653","278,226","7,435"
"26/06/2021","VIC","1,008,036","21,695","796,309","6,072","211,724","13,735"
"26/06/2021","QLD","505,594","14,007"
"26/06/2021","WA","270,213","4,863"
"26/06/2021","TAS","105,789","1,448"
"26/06/2021","SA","210,358","5,084"
"26/06/2021","ACT","78,656","1,215"
"26/06/2021","NT","57,218","613"
"25/06/2021","AUS","7,137,632","138,434"
"25/06/2021","Fed gov","423,602","2,471","224,609","1,151","198,993","1,320"
"25/06/2021","Primary care settings","3,778,390","70,118"
"25/06/2021","NSW","748,701","18,918","477,910","10,102","270,791","8,816"
"25/06/2021","VIC","986,341","17,625","789,616","6,090","196,722","11,929"
"25/06/2021","QLD","491,587","13,902"
"25/06/2021","WA","265,350","5,205"
"25/06/2021","TAS","104,341","1,553"
"25/06/2021","SA","205,274","5,675"
"25/06/2021","ACT","77,441","1,243"
"25/06/2021","NT","56,605","1,724"
"24/06/2021","AUS","6,999,198","138,922"
"24/06/2021","Fed gov","421,131","2,574","223,458","736","197,673","1,838"
"24/06/2021","Primary care settings","3,708,272","70,217"
"24/06/2021","NSW","729,783","17,976"
"24/06/2021","VIC","968,716","18,526"
"24/06/2021","QLD","477,685","13,985"
"24/06/2021","WA","260,145","6,007"
"24/06/2021","TAS","102,788","2,269"
"24/06/2021","SA","199,599","5,018"
"24/06/2021","ACT","76,198","1,213"
"24/06/2021","NT","54,881","1,137"
"23/06/2021","AUS","6,860,276","140,892"
"23/06/2021","Fed gov","418,557","2,265","222,722","781","195,835","1,484"
"23/06/2021","Primary care settings","3,638,055","66,061"
"23/06/2021","NSW","711,807","17,682"
"23/06/2021","VIC","950,190","23,314","777,129","6,675","173,058","10,604"
"23/06/2021","QLD","463,700","15,475"
"23/06/2021","WA","254,138","6,368"
"23/06/2021","TAS","100,519","1,967"
"23/06/2021","SA","194,581","5,016"
"23/06/2021","ACT","74,985","1,240"
"23/06/2021","NT","53,744","1,504"
"22/06/2021","AUS","6,719,384","128,643"
"22/06/2021","Fed gov","416,292","1,737","221,941","697","194,351","1,040"
"22/06/2021","Primary care settings","3,571,994","57,816"
"22/06/2021","NSW","694,125","18,045","450,659","7,329","243,466","10,716"
"22/06/2021","VIC","926,876","20,031","768,138","6,391","158,735","8,948"
"22/06/2021","QLD","448,225","13,944"
"22/06/2021","WA","247,770","4,643"
"22/06/2021","TAS","98,552","1,771"
"22/06/2021","SA","189,565","8,115"
"22/06/2021","ACT","73,745","1,180"
"22/06/2021","NT","52,240","1,361"
"21/06/2021","AUS","6,590,741","34,712"
"21/06/2021","Fed gov","414,555","0","221,244","0","193,311","0"
"21/06/2021","Primary care settings","3,514,178","10,801"
"21/06/2021","NSW","676,080","342","443,330","326","232,750","5,040"
"21/06/2021","VIC","906,845","9,562","759,506","4,470","147,336","6,451"
"21/06/2021","QLD","434,281","5,111"
"21/06/2021","WA","243,127","3,413"
"21/06/2021","TAS","96,781","1,475"
"21/06/2021","SA","181,450","2,948"
"21/06/2021","ACT","72,565","1,060"
"21/06/2021","NT","50,879","0"
"20/06/2021","AUS","6,556,029","64,553"
"20/06/2021","Fed gov","414,555","132","221,244","132","193,311","0"
"20/06/2021","Primary care settings","3,503,377","26,739"
"20/06/2021","NSW","675,738","9,049","443,004","4,025","227,710","10,523"
"20/06/2021","VIC","897,283","10,776","755,657","6,276","232,734","5,024"
"20/06/2021","QLD","429,170","8,397"
"20/06/2021","WA","239,714","2,944"
"20/06/2021","TAS","95,306","1,628"
"20/06/2021","SA","178,502","3,506"
"20/06/2021","ACT","71,505","1,120"
"20/06/2021","NT","50,879","262"
"19/06/2021","AUS","6,491,476","130,810"
"19/06/2021","Fed gov","414,423","2,588","221,112","1,231","193,311","1,357"
"19/06/2021","Primary care settings","3,476,638","64,706"
"19/06/2021","NSW","666,689","17,763","438,979","7,240","227,710","10,523"
"19/06/2021","VIC","886,507","17,995","750,158","9,097","136,346","8,703"
"19/06/2021","QLD","420,773","14,686"
"19/06/2021","WA","236,770","4,398"
"19/06/2021","TAS","93,678","2,153"
"19/06/2021","SA","174,996","4,556"
"19/06/2021","ACT","70,385","1,187"
"19/06/2021","NT","50,617","778"
"18/06/2021","AUS","6,360,666","141,336"
"18/06/2021","Fed gov","411,835","2,970","219,881","1,382","191,954","1,588"
"18/06/2021","Primary care settings","3,411,932","75,265"
"18/06/2021","NSW","648,926","17,030","431,739","7,436","217,187","9,594"
"18/06/2021","VIC","868,512","18,149","740,954","10,344","127,555","6,366"
"18/06/2021","QLD","406,087","14,485"
"18/06/2021","WA","232,372","4,549"
"18/06/2021","TAS","91,525","1,232"
"18/06/2021","SA","170,440","4,947"
"18/06/2021","ACT","69,198","1,220"
"18/06/2021","NT","49,839","1,489"
"17/06/2021","AUS","6,219,330","138,068"
"17/06/2021","Fed gov","408,865","0","218,499","0","190,366","0"
"17/06/2021","Primary care settings","3,336,667","75,944"
"17/06/2021","NSW","631,896","16,425","424,303","6,038","207,593","10,387"
"17/06/2021","VIC","850,363","18,507","729,831","10,431","120,529","5,179"
"17/06/2021","QLD","391,602","14,293"
"17/06/2021","WA","227,823","4,449"
"17/06/2021","TAS","90,293","1,444"
"17/06/2021","SA","165,493","4,192"
"17/06/2021","ACT","67,978","1,189"
"17/06/2021","NT","48,350","1,625"
"16/06/2021","AUS","6,081,262","150,017"
"16/06/2021","Fed gov","408,865","7,020","218,499","2,997","190,366","4,023"
"16/06/2021","Primary care settings","3,260,723","73,445"
"16/06/2021","NSW","615,471","17,223","418,265","6,482","197,206","10,741"
"16/06/2021","VIC","831,856","25,618","717,844","10,002","114,009","4,868"
"16/06/2021","QLD","377,309","12,990"
"16/06/2021","WA","223,374","4,288"
"16/06/2021","TAS","88,849","2,140"
"16/06/2021","SA","161,301","4,458"
"16/06/2021","ACT","66,789","1,223"
"16/06/2021","NT","46,725","1,612"
"15/06/2021","AUS","5,931,245","63,946"
"15/06/2021","Fed gov","401,845","743","215,502","431","186,343","312"
"15/06/2021","Primary care settings","3,187,278","20,801"
"15/06/2021","NSW","598,248","12,653","411,783","6,793","186,465","5,860"
"15/06/2021","VIC","806,238","8,766","700,798","8,460","105,437","1,537"
"15/06/2021","QLD","364,319","12,219"
"15/06/2021","WA","219,086","4,219"
"15/06/2021","TAS","86,709","236"
"15/06/2021","SA","156,843","2,417"
"15/06/2021","ACT","65,566","1,165"
"15/06/2021","NT","45,113","727"
"14/06/2021","AUS","5,867,299","32,553"
"14/06/2021","Fed gov","401,102","410","215,071","398","186,031","12"
"14/06/2021","Primary care settings","3,166,477","9,808"
"14/06/2021","NSW","585,595","0","404,990","0","180,605","0"
"14/06/2021","VIC","797,472","11,849","693,305","12,198","104,164","1,566"
"14/06/2021","QLD","352,100","3,813"
"14/06/2021","WA","214,867","2,744"
"14/06/2021","TAS","86,473","512"
"14/06/2021","SA","154,426","2,275"
"14/06/2021","ACT","64,401","1,142"
"14/06/2021","NT","44,386","0"
"13/06/2021","AUS","5,834,746","60,822"
"13/06/2021","Fed gov","400,692","689","214,673","654","186,019","35"
"13/06/2021","Primary care settings","3,156,669","24,534"
"13/06/2021","NSW","585,595","7,714","404,990","2,799","180,605","4,917"
"13/06/2021","VIC","785,623","13,488","682,645","12,779","102,975","1,611"
"13/06/2021","QLD","348,287","6,597"
"13/06/2021","WA","212,123","2,851"
"13/06/2021","TAS","85,961","997"
"13/06/2021","SA","152,151","2,769"
"13/06/2021","ACT","63,259","1,183"
"13/06/2021","NT","44,386","0"
"12/06/2021","AUS","5,773,924","132,916"
"12/06/2021","Fed gov","400,003","4,917","214,019","2,159","185,984","2,758"
"12/06/2021","Primary care settings","3,132,135","64,136"
"12/06/2021","NSW","577,881","16,288","402,191","6,760","175,690","9,528"
"12/06/2021","VIC","772,135","22,665","670,519","16,649","101,613","4,011"
"12/06/2021","QLD","341,690","12,360"
"12/06/2021","WA","209,272","4,844"
"12/06/2021","TAS","84,964","1,662"
"12/06/2021","SA","149,382","4,224"
"12/06/2021","ACT","62,076","1,222"
"12/06/2021","NT","44,386","598"
"11/06/2021","AUS","5,641,008","153,338"
"11/06/2021","Fed gov","395,086","4,926","211,860","1,911","183,226","3,015"
"11/06/2021","Primary care settings","3,067,999","83,090"
"11/06/2021","NSW","561,593","15,623","395,431","6,502","166,162","9,121"
"11/06/2021","VIC","749,470","24,421","652,177","17,015","97,290","3,737"
"11/06/2021","QLD","329,330","11,348"
"11/06/2021","WA","204,428","4,835"
"11/06/2021","TAS","83,302","1,144"
"11/06/2021","SA","145,158","5,426"
"11/06/2021","ACT","60,854","1,268"
"11/06/2021","NT","43,788","1,257"
"10/06/2021","AUS","5,487,670","142,808"
"10/06/2021","Fed gov","390,160","5,194","209,949","1,017","180,211","4,177"
"10/06/2021","Primary care settings","2,984,909","70,936"
"10/06/2021","NSW","545,970","15,484","388,929","6,057","157,041","9,427"
"10/06/2021","VIC","725,049","27,146","631,945","17,927","93,101","2,857"
"10/06/2021","QLD","317,982","12,367"
"10/06/2021","WA","199,593","3,376"
"10/06/2021","TAS","82,158","1,620"
"10/06/2021","SA","139,732","4,090"
"10/06/2021","ACT","59,586","1,273"
"10/06/2021","NT","42,531","1,322"
"09/06/2021","AUS","5,344,862","140,885"
"09/06/2021","Fed gov","384,966","6,300","208,932","1,243","176,034","5,057"
"09/06/2021","Primary care settings","2,913,973","72,808"
"09/06/2021","NSW","530,486","16,074","382,872","6,983","147,614","9,091"
"09/06/2021","VIC","697,903","21,879","609,012","17,186","88,888","2,347"
"09/06/2021","QLD","305,615","11,078"
"09/06/2021","WA","196,217","3,349"
"09/06/2021","TAS","80,538","2,092"
"09/06/2021","SA","135,642","4,752"
"09/06/2021","ACT","58,313","1,283"
"09/06/2021","NT","41,209","1,270"
"08/06/2021","AUS","5,203,977","127,564"
"08/06/2021","Fed gov","378,666","3,133","207,689","871","170,977","2,262"
"08/06/2021","Primary care settings","2,841,165","63,316"
"08/06/2021","NSW","514,412","14,687","375,889","6,212","138,523","8,475"
"08/06/2021","VIC","676,024","25,146","589,701","18,876","86,320","2,316"
"08/06/2021","QLD","294,537","10,769"
"08/06/2021","WA","192,868","1,484"
"08/06/2021","TAS","78,446","2,083"
"08/06/2021","SA","130,890","4,532"
"08/06/2021","ACT","57,030","1,243"
"08/06/2021","NT","39,939","1,171"
"07/06/2021","AUS","5,076,413","60,061"
"07/06/2021","Fed gov","375,533","0","206,818","0","168,715","0"
"07/06/2021","Primary care settings","2,777,849","9,739"
"07/06/2021","NSW","499,725","0","369,677","6,563","130,048","920"
"07/06/2021","VIC","650,878","36,964","567,419","16,810","83,456","909"
"07/06/2021","QLD","283,768","7,569"
"07/06/2021","WA","191,384","1,523"
"07/06/2021","TAS","76,363","1,167"
"07/06/2021","SA","126,358","1,862"
"07/06/2021","ACT","55,787","962"
"07/06/2021","NT","38,768","275"
"06/06/2021","AUS","5,016,352","88,745"
"06/06/2021","Fed gov","375,533","343","206,818","235","168,715","108"
"06/06/2021","Primary care settings","2,768,110","35,665"
"06/06/2021","NSW","499,725","7,483","369,677","17,093","130,048","5,367"
"06/06/2021","VIC","613,914","29,597","533,560","26,843","80,351","1,482"
"06/06/2021","QLD","276,199","9,422"
"06/06/2021","WA","189,861","2,199"
"06/06/2021","TAS","75,196","1,092"
"06/06/2021","SA","124,496","1,932"
"06/06/2021","ACT","54,825","1,012"
"06/06/2021","NT","38,493","0"
"05/06/2021","AUS","4,927,607","141,245"
"05/06/2021","Fed gov","375,190","4,595","206,583","1,711","168,607","2,884"
"05/06/2021","Primary care settings","2,732,445","72,212"
"05/06/2021","NSW","492,242","14,977","352,584","0","124,681","0"
"05/06/2021","VIC","584,317","26,523","506,717","24,043","77,597","2,380"
"05/06/2021","QLD","266,777","10,831"
"05/06/2021","WA","187,662","4,265"
"05/06/2021","TAS","74,104","2,482"
"05/06/2021","SA","122,564","3,272"
"05/06/2021","ACT","53,813","1,217"
"05/06/2021","NT","38,493","871"
"04/06/2021","AUS","4,786,362","143,659"
"04/06/2021","Fed gov","370,595","5,151","204,872","1,470","165,723","3,681"
"04/06/2021","Primary care settings","2,660,233","81,255"
"04/06/2021","NSW","477,265","15,410","352,584","11,049","124,681","4,361"
"04/06/2021","VIC","557,794","21,475","482,674","21,677","75,117","2,492"
"04/06/2021","QLD","255,946","10,091"
"04/06/2021","WA","183,397","3,962"
"04/06/2021","TAS","71,622","0"
"04/06/2021","SA","119,292","3,411"
"04/06/2021","ACT","52,596","1,242"
"04/06/2021","NT","37,622","1,662"
"03/06/2021","AUS","4,642,703","141,259"
"03/06/2021","Fed gov","365,444","3,934","203,402","5,812","162,042","3,800"
"03/06/2021","Primary care settings","2,578,978","80,334"
"03/06/2021","NSW","461,855","14,595","341,535","11,001","120,320","3,594"
"03/06/2021","VIC","536,319","22,944","462,797","21,411","73,519","1,781"
"03/06/2021","QLD","245,855","9,154"
"03/06/2021","WA","179,435","3,551"
"03/06/2021","TAS","71,622","1,349"
"03/06/2021","SA","115,881","3,351"
"03/06/2021","ACT","51,354","944"
"03/06/2021","NT","35,960","1,103"
"02/06/2021","AUS","4,501,444","138,705"
"02/06/2021","Fed gov","361,510","12,469","197,590","293","158,242","6,498"
"02/06/2021","Primary care settings","2,498,644","73,390"
"02/06/2021","NSW","447,260","14,313","330,534","11,550","116,726","2,763"
"02/06/2021","VIC","513,375","19,338","442,022","19,262","71,350","1,323"
"02/06/2021","QLD","236,701","8,488"
"02/06/2021","WA","175,884","3,528"
"02/06/2021","TAS","70,273","1,846"
"02/06/2021","SA","112,530","3,351"
"02/06/2021","ACT","50,410","902"
"02/06/2021","NT","34,857","1,080"
"01/06/2021","AUS","4,362,739","119,139"
"01/06/2021","Fed gov","349,041","3,458","197,297","717","151,744","2,741"
"01/06/2021","Primary care settings","2,425,254","65,455"
"01/06/2021","NSW","432,947","13,951","318,984","11,504","113,963","2,447"
"01/06/2021","VIC","494,037","17,795","424,251","18,946","69,784","1,538"
"01/06/2021","QLD","228,213","8,061"
"01/06/2021","WA","172,356","3,405"
"01/06/2021","TAS","68,427","2,870"
"01/06/2021","SA","109,179","2,620"
"01/06/2021","ACT","49,508","693"
"01/06/2021","NT","33,777","831"
"31/05/2021","AUS","4,243,600","30,701"
"31/05/2021","Fed gov","345,583","17","196,580","0","149,003","17"
"31/05/2021","Primary care settings","2,359,799","10,893"
"31/05/2021","NSW","418,996","0","307,480","0","111,516","0"
"31/05/2021","VIC","476,242","15,768","407,739","16,105","68,500","647"
"31/05/2021","QLD","220,152","0"
"31/05/2021","WA","168,951","1,501"
"31/05/2021","TAS","65,557","0"
"31/05/2021","SA","106,559","811"
"31/05/2021","ACT","48,815","294"
"31/05/2021","NT","32,946","1,417"
"30/05/2021","AUS","4,212,899","60,293"
"30/05/2021","Fed gov","345,566","0","196580","0","148986","0"
"30/05/2021","Primary care settings","2,348,906","32,893"
"30/05/2021","NSW","418,996","7,162","307,480","6,494","111,516","668"
"30/05/2021","VIC","460,474","15,316","393,034","16,596","67,437","1,106"
"30/05/2021","QLD","220,152","600"
"30/05/2021","WA","167,450","1,798"
"30/05/2021","TAS","65,557","956"
"30/05/2021","SA","105,748","977"
"30/05/2021","ACT","48,521","591"
"30/05/2021","NT","31,529","0"
"29/05/2021","AUS","4,152,606","121,067"
"29/05/2021","Fed gov","345,566","3,928","196580","1,416","148986","2,512"
"29/05/2021","Primary care settings","2,316,013","63,410"
"29/05/2021","NSW","411,834","14,190","300,986","10,962","110,848","3,228"
"29/05/2021","VIC","445,158","23,524","378,515","19,749","66,640","1,877"
"29/05/2021","QLD","219,552","7,423"
"29/05/2021","WA","165,652","3,790"
"29/05/2021","TAS","64,601","1,308"
"29/05/2021","SA","104,771","2,476"
"29/05/2021","ACT","47,930","1,018"
"29/05/2021","NT","31,529","0"
"28/05/2021","AUS","4,031,539","124,871"
"28/05/2021","Fed gov","341,638","4,411","195,164","1,936","146,474","2,475"
"28/05/2021","Primary care settings","2,252,603","67,066"
"28/05/2021","NSW","397,644","13,588","290,024","10,254","107,620","3,334"
"28/05/2021","VIC","421,634","23,625","356,518","15,549","65,113","1,674"
"28/05/2021","QLD","212,129","7,257"
"28/05/2021","WA","161,862","3,530"
"28/05/2021","TAS","63,293","768"
"28/05/2021","SA","102,295","2,849"
"28/05/2021","ACT","46,912","828"
"28/05/2021","NT","31,529","949"
"27/05/2021","AUS","3,906,668","111,388"
"27/05/2021","Fed gov","337,227","4,201","193,228","1,612","143,999","2,589"
"27/05/2021","Primary care settings","2,185,537","66,094"
"27/05/2021","NSW","384,056","12,939","279,770","10,254","104,286","2,685"
"27/05/2021","VIC","398,009","12,689","335,635","11,264","62,372","1,413"
"27/05/2021","QLD","204,872","6,274"
"27/05/2021","WA","158,332","3,453"
"27/05/2021","TAS","62,525","1,724"
"27/05/2021","SA","99,446","2,119"
"27/05/2021","ACT","46,084","760"
"27/05/2021","NT","30,580","1,135"
"26/05/2021","AUS","3,795,280","104,658"
"26/05/2021","Fed gov","333,026","2,966","191,616","736","141,410","2,230"
"26/05/2021","Primary care settings","2,119,443","57,921"
"26/05/2021","NSW","371,117","13,200","269,516","10,674","101,601","2,526"
"26/05/2021","VIC","385,320","15,816","324,381","14,287","60,937","1571"
"26/05/2021","QLD","198,598","5,596"
"26/05/2021","WA","154,879","3,156"
"26/05/2021","TAS","60,801","1,134"
"26/05/2021","SA","97,327","2,966"
"26/05/2021","ACT","45,324","810"
"26/05/2021","NT","29,445","1,093"
"25/05/2021","AUS","3,690,622","78,560"
"25/05/2021","Fed gov","330,060","3,943","190,880","1,595","139,180","2,348"
"25/05/2021","Primary care settings","2,061,522","49,336"
"25/05/2021","NSW","357,917","12,524","258,842","10,194","99,075","2,330"
"25/05/2021","VIC","369,504","0","310,141","7,260","59,361","1,009"
"25/05/2021","QLD","193,002","5,485"
"25/05/2021","WA","151,723","3,220"
"25/05/2021","TAS","59,667","1,195"
"25/05/2021","SA","94,361","1,474"
"25/05/2021","ACT","44,514","884"
"25/05/2021","NT","28,352","499"
"24/05/2021","AUS","3,612,062","12,098"
"24/05/2021","Fed gov","326,117","95","189,285","0","136,832","95"
"24/05/2021","Primary care settings","2,012,186","7,045"
"24/05/2021","NSW","345,393","0","248,648","0","96,745","0"
"24/05/2021","VIC","369,504","1,631","297,402","2,335","73,093","287"
"24/05/2021","QLD","187,517","1"
"24/05/2021","WA","148,503","1,030"
"24/05/2021","TAS","58,472","865"
"24/05/2021","SA","92,887","802"
"24/05/2021","ACT","43,630","343"
"24/05/2021","NT","27,853","286"
"23/05/2021","AUS","3,599,964","37,469"
"23/05/2021","Fed gov","326,022","184","189,285","0","136,737","184"
"23/05/2021","Primary care settings","2,005,141","21,827"
"23/05/2021","NSW","345,393","6,345","248,648","5,866","96,745","479"
"23/05/2021","VIC","367,873","3,954","295,067","3,315","72,806","639"
"23/05/2021","QLD","187,516","563"
"23/05/2021","WA","147,473","1,719","112,814","1,477","34,659","242"
"23/05/2021","TAS","57,607","1,298"
"23/05/2021","SA","92,085","1,090"
"23/05/2021","ACT","43,287","489"
"23/05/2021","NT","27,567","0"
"22/05/2021","AUS","3,562,495","89,621"
"22/05/2021","Fed gov","325,838","5,763","189,285","3,637","136,553","2,126"
"22/05/2021","Primary care settings","1,983,314","49,704"
"22/05/2021","NSW","339,048","12,485","242,782","10,079","96,266","2,406"
"22/05/2021","VIC","363,919","8,977","291,752","7,478","72,167","1,499"
"22/05/2021","QLD","186,953","4,708"
"22/05/2021","WA","145,754","3,115","111,337","2,177","34,417","938"
"22/05/2021","TAS","56,309","1,450"
"22/05/2021","SA","90,995","1,887"
"22/05/2021","ACT","42,798","885"
"22/05/2021","NT","27,567","647"
"21/05/2021","AUS","3,472,874","101,146"
"21/05/2021","Fed gov","320,075","7,001","185,648","3,609","134,427","3,392"
"21/05/2021","Primary care settings","1,933,610","59,583"
"21/05/2021","NSW","326,563","11,950","232,703","9,387","93,860","2,563"
"21/05/2021","VIC","354,942","10,683","284,274","8,407","70,668","2,276"
"21/05/2021","QLD","182,245","3,873"
"21/05/2021","WA","142,639","3,350","109,160","2,239","33,479","1,111"
"21/05/2021","TAS","54,859","1,043"
"21/05/2021","SA","89,108","1,942"
"21/05/2021","ACT","41,913","762"
"21/05/2021","NT","26,920","959"
"20/05/2021","AUS","3,371,728","92,874"
"20/05/2021","Fed gov","313,074","5,665","182,039","3,089","131,035","2,576"
"20/05/2021","Primary care settings","1,874,027","56,566"
"20/05/2021","NSW","314,613","11,343","223,316","9,095","91,297","2,248"
"20/05/2021","VIC","344,259","9,497","275,867","7,807","68,392","1,690"
"20/05/2021","QLD","178,372","2,886"
"20/05/2021","WA","139,289","2,885","106,921","1,972","32,368","913"
"20/05/2021","TAS","53,816","147"
"20/05/2021","SA","87,166","1,911"
"20/05/2021","ACT","41,151","843"
"20/05/2021","NT","25,961","1,131"
"19/05/2021","AUS","3,278,854","95,530"
"19/05/2021","Fed gov","307,409","6,383","178,950","3,699","128,459","2,684"
"19/05/2021","Primary care settings","1,817,461","53,886"
"19/05/2021","NSW","303,270","11,720","214,221","9,716","89,049","2,004"
"19/05/2021","VIC","334,762","10,019","268,060","6,729","66,702","1,634"
"19/05/2021","QLD","175,486","2,393"
"19/05/2021","WA","136,404","2,980","104,949","2,028","31,455","952"
"19/05/2021","TAS","53,669","2,571"
"19/05/2021","SA","85,255","3,795"
"19/05/2021","ACT","40,308","771"
"19/05/2021","NT","24,830","1,012"
"18/05/2021","AUS","3,183,324","83,187"
"18/05/2021","Fed gov","301,026","4,690","175,251","2,615","125,775"
"18/05/2021","Primary care settings","1,763,575","45,832"
"18/05/2021","NSW","291,550","11,415","204,505","9,333","87,045","2,082"
"18/05/2021","VIC","324,743","11,204","260,035","7,042","64,708","1,875"
"18/05/2021","QLD","173,093","2,763"
"18/05/2021","WA","133,424","2,775","102,921","","30,503"
"18/05/2021","TAS","51,098","1,359"
"18/05/2021","SA","81,460","1,443"
"18/05/2021","ACT","39,537","841"
"18/05/2021","NT","23,818","865"
"17/05/2021","AUS","3,100,137","10,954"
"17/05/2021","Fed gov","296,336","0","172,636","0","123,700","0"
"17/05/2021","Primary care settings","1,717,743","6,438"
"17/05/2021","NSW","280,135","0","195,172","0","84,963","0"
"17/05/2021","VIC","313,539","2,222","251,272","1,705","62,267","299"
"17/05/2021","QLD","170,330","0"
"17/05/2021","WA","130,649","1,356","100,970","1,334","29,679","22"
"17/05/2021","TAS","49,739","113"
"17/05/2021","SA","80,017","495"
"17/05/2021","ACT","38,696","287"
"17/05/2021","NT","22,953","43"
"16/05/2021","AUS","3,089,183","32,386"
"16/05/2021","Fed gov","296,336","1,524","172,636","110","123,700","1,414"
"16/05/2021","Primary care settings","1,711,305","18,404"
"16/05/2021","NSW","280,135","5,384","195,172","4,895","84,963","498"
"16/05/2021","VIC","311,317","3,098","249,361","2,538","61,956","560"
"16/05/2021","QLD","170,330","364"
"16/05/2021","WA","129,293","1,458","99,636","1,448","29,657","10"
"16/05/2021","TAS","49,626","472"
"16/05/2021","SA","79,522","1,017"
"16/05/2021","ACT","38,409","425"
"16/05/2021","NT","22,910","240"
"15/05/2021","AUS","3,056,797","76,153"
"15/05/2021","Fed gov","294,812","7,020","172,526","2,967","122,286","4,053"
"15/05/2021","Primary care settings","1,692,901","41,777"
"15/05/2021","NSW","274,751","8,237","190,277","8,916","84,474","1,700"
"15/05/2021","VIC","308,219","8,822","246,823","6,264","61,396","1,744"
"15/05/2021","QLD","169,966","2,847"
"15/05/2021","WA","127,835","2,850","98,188","2,235","29,647","615"
"15/05/2021","TAS","49,154","1,233"
"15/05/2021","SA","78,505","1,717"
"15/05/2021","ACT","37,984","945"
"15/05/2021","NT","22,670","705"
"14/05/2021","AUS","2,980,644","85,874"
"14/05/2021","Fed gov","287,792","7,806","169,559","5,200","118,233","2,606"
"14/05/2021","Primary care settings","1,651,124","49,601"
"14/05/2021","NSW","266,514","10,321","183,740","6,625","82,774","1,317"
"14/05/2021","VIC","299,397","8,533","239,848","6,414","59,549","1,332"
"14/05/2021","QLD","167,119","2,424"
"14/05/2021","WA","124,985","2,916","95,953","2,222","29,032","694"
"14/05/2021","TAS","47,921","1,083"
"14/05/2021","SA","76,788","1,551"
"14/05/2021","ACT","37,039","756"
"14/05/2021","NT","21,965","883"
"13/05/2021","AUS","2,894,770","82,284"
"13/05/2021","Fed gov","279,986","5,987","164,359","3,126","115,627","2,861"
"13/05/2021","Primary care settings","1,601,523","50,582"
"13/05/2021","NSW","256,193","7,552","174,736","6,177","81,457","1,375"
"13/05/2021","VIC","290,864","9,363","232,723","6,372","58,141","1,583"
"13/05/2021","QLD","164,695","2,456"
"13/05/2021","WA","122,069","2,198","93,731","1,541","28,338","657"
"13/05/2021","TAS","46,838","890"
"13/05/2021","SA","75,237","1,848"
"13/05/2021","ACT","36,283","782"
"13/05/2021","NT","21,082","626"
"12/05/2021","AUS","2,812,486","76,379"
"12/05/2021","Fed gov","273,999","6,879","161,233","4,039","112,766","2,840"
"12/05/2021","Primary care settings","1,550,941","45,804"
"12/05/2021","NSW","248,641","6,492","168,559","5,154","80,082","1,338"
"12/05/2021","VIC","281,501","8,281","225,403","6,947","56,098","1,199"
"12/05/2021","QLD","162,239","2,444"
"12/05/2021","WA","119,871","2,896","92,190","2,230","27,681","666"
"12/05/2021","TAS","45,948","1,144"
"12/05/2021","SA","73,389","1,279"
"12/05/2021","ACT","35,501","744"
"12/05/2021","NT","20,456","416"
"11/05/2021","AUS","2,736,107","72,886"
"11/05/2021","Fed gov","267,120","5,024","157,194","2,823","109,926","2,201"
"11/05/2021","Primary care settings","1,505,137","41,950"
"11/05/2021","NSW","242,149","6,297","163,405","2,566","78,744","1,352"
"11/05/2021","VIC","273,220","10,155","218,364","7,178","54,856","977"
"11/05/2021","QLD","159,795","2,631"
"11/05/2021","WA","116,975","2,469","89,960","1,787","27,015","682"
"11/05/2021","TAS","44,804","1,077"
"11/05/2021","SA","72,110","1,800"
"11/05/2021","ACT","34,757","884"
"11/05/2021","NT","20,040","599"
"10/05/2021","AUS","2,663,221","10,010"
"10/05/2021","Fed gov","262,096","298","154,371","20","107,725","278"
"10/05/2021","Primary care settings","1,463,187","4,871"
"10/05/2021","NSW","235,852","1,127","158,460","643","77,392","484"
"10/05/2021","VIC","263,065","1,913","209,230","1,844","53,835","351"
"10/05/2021","QLD","157,164","0"
"10/05/2021","WA","114,506","882","88,173","882","26,333","0"
"10/05/2021","TAS","43,727","107"
"10/05/2021","SA","70,310","530"
"10/05/2021","ACT","33,873","246"
"10/05/2021","NT","19,441","36"
"09/05/2021","AUS","2,653,211","25,486"
"09/05/2021","Fed gov","261,798","1,182","154,351","246","107,447","936"
"09/05/2021","Primary care settings","1,458,316","17,505"
"09/05/2021","NSW","234,725","0","157,817","3,513","76,908","1,721"
"09/05/2021","VIC","261,152","3,677","207,638","3,465","53,514","212"
"09/05/2021","QLD","157,164","317"
"09/05/2021","WA","113,624","1,019","87,291","1,019","26,333","0"
"09/05/2021","TAS","43,620","465"
"09/05/2021","SA","69,780","934"
"09/05/2021","ACT","33,627","387"
"09/05/2021","NT","19,405","0"
"08/05/2021","AUS","2,627,725","73,194"
"08/05/2021","Fed gov","260,616","5,984","154,105","2,553","106,511","3,431"
"08/05/2021","Primary care settings","1,440,811","45,262"
"08/05/2021","NSW","234,725","5,234","157,817","3,513","76,908","1,721"
"08/05/2021","VIC","257,475","8,070","204,173","6,894","53,302","1,027"
"08/05/2021","QLD","156,847","2,444"
"08/05/2021","WA","112,605","2,332","86,272","1,667","26,333","665"
"08/05/2021","TAS","43,155","781"
"08/05/2021","SA","68,846","1,648"
"08/05/2021","ACT","33,240","903"
"08/05/2021","NT","19,405","536"
"07/05/2021","AUS","2,554,531","81,002"
"07/05/2021","Fed gov","254,632","5,647","151,552","2,161","103,080","3,486"
"07/05/2021","Primary care settings","1,395,549","51,204"
"07/05/2021","NSW","229,491","5,415","154,304","3,498","75,187","1,917"
"07/05/2021","VIC","249,405","9,937","197,159","7,978","52,246","1,180"
"07/05/2021","QLD","154,403","2,292"
"07/05/2021","WA","110,273","2,439","84,605","1,842","25,668","597"
"07/05/2021","TAS","42,374","710"
"07/05/2021","SA","67,198","1,745"
"07/05/2021","ACT","32,337","793"
"07/05/2021","NT","18,869","820"
"06/05/2021","AUS","2,473,529","77,215"
"06/05/2021","Fed gov","248,985","5,485","149,391","2,058","99,594","3,427"
"06/05/2021","Primary care settings","1,344,345","49,632"
"06/05/2021","NSW","224,076","4,482","150,806","2,979","73,270","1,503"
"06/05/2021","VIC","239,468","9,064","188,473","7,373","50,995","790"
"06/05/2021","QLD","152,111","2,226"
"06/05/2021","WA","107,834","2,419","82,763","1,951","25,071","468"
"06/05/2021","TAS","41,664","779"
"06/05/2021","SA","65,453","1,663"
"06/05/2021","ACT","31,544","811"
"06/05/2021","NT","18,049","654"
"05/05/2021","AUS","2,396,314","79,345"
"05/05/2021","Fed gov","243,500","5,218","147,333","2,051","96,167","3,167"
"05/05/2021","Primary care settings","1,294,713","49,596"
"05/05/2021","NSW","219,594","4,588","147,827","2,860","71,767","1,728"
"05/05/2021","VIC","230,404","10,271","180,279","7,734","50,125","672"
"05/05/2021","QLD","149,885","2,669"
"05/05/2021","WA","105,415","2,861","80,812","2,306","24,603","555"
"05/05/2021","TAS","40,885","1,149"
"05/05/2021","SA","63,790","1,696"
"05/05/2021","ACT","30,733","722"
"05/05/2021","NT","17,395","575"
"04/05/2021","AUS","2,316,969","56,354"
"04/05/2021","Fed gov","238,282","3,825","145,282","1,561","93,000","2,264"
"04/05/2021","Primary care settings","1,245,117","34,668"
"04/05/2021","NSW","215,006","3,984","144,967","2,601","70,039","1,383"
"04/05/2021","VIC","220,133","7,776","170,892","6,435","49,241","488"
"04/05/2021","QLD","147,216","479"
"04/05/2021","WA","102,554","2,166","78,506","1,621","24,048","545"
"04/05/2021","TAS","39,736","1,193"
"04/05/2021","SA","62,094","1,579"
"04/05/2021","ACT","30,011","684"
"04/05/2021","NT","16,820","0"
"03/05/2021","AUS","2,260,615","6,541"
"03/05/2021","Fed gov","234,457","601","143,721","96","90,736","505"
"03/05/2021","Primary care settings","1,210,449","3,689"
"03/05/2021","NSW","211,022","0","142,366","0","68,656","0"
"03/05/2021","VIC","212,357","835","163,604","646","48,753","189"
"03/05/2021","QLD","146,737","0"
"03/05/2021","WA","100,388","518","76,885","507","23,503","11"
"03/05/2021","TAS","38,543","138"
"03/05/2021","SA","60,515","376"
"03/05/2021","ACT","29,327","384"
"03/05/2021","NT","16,820","0"
"02/05/2021","AUS","2,254,074","19,230"
"02/05/2021","Fed gov","233,856","1,499","143,625","459","90,231","1,040"
"02/05/2021","Primary care settings","1,206,760","13,192"
"02/05/2021","NSW","211,022","646","142,366","462","68,656","184"
"02/05/2021","VIC","211,522","1,280","162,958","1,066","48,564","214"
"02/05/2021","QLD","146,737","240"
"02/05/2021","WA","99,870","975","76,378","975","23,492","0"
"02/05/2021","TAS","38,405","305"
"02/05/2021","SA","60,139","697"
"02/05/2021","ACT","28,943","396"
"02/05/2021","NT","16,820","0"
"01/05/2021","AUS","2,234,844","55,300"
"01/05/2021","Fed gov","232,357","5,423","143,166","2,183","89,191","3,240"
"01/05/2021","Primary care settings","1,193,568","34,015"
"01/05/2021","NSW","210,376","4,056","141,904","2,733","68,472","1,323"
"01/05/2021","VIC","210,242","3,444","161,936","2,719","48,306","405"
"01/05/2021","QLD","146,497","2,269"
"01/05/2021","WA","98,895","2,387","75,403","1,774","23,492","613"
"01/05/2021","TAS","38,100","974"
"01/05/2021","SA","59,442","1,478"
"01/05/2021","ACT","28,547","694"
"01/05/2021","NT","16,820","560"
"30/04/2021","AUS","2,179,544","67,259"
"30/04/2021","Fed gov","226,934","8,134","140,983","2,998","85,951","5,136"
"30/04/2021","Primary care settings","1,159,553","42,435"
"30/04/2021","NSW","206,320","4,100","139,171","2,899","67,149","1,201"
"30/04/2021","VIC","206,798","4,292","158,836","3,616","47,959","507"
"30/04/2021","QLD","144,228","2,362"
"30/04/2021","WA","96,508","2,544","73,629","1,968","22,879","576"
"30/04/2021","TAS","37,126","953"
"30/04/2021","SA","57,964","1,322"
"30/04/2021","ACT","27,853","634"
"30/04/2021","NT","16,260","483"
"29/04/2021","AUS","2,112,285","82,741"
"29/04/2021","Fed gov","218,800","8,030","137,985","3,490","80,815","4,540"
"29/04/2021","Primary care settings","1,117,118","59,314"
"29/04/2021","NSW","202,220","3,728","136,272","2,690","65,948","1,038"
"29/04/2021","VIC","202,506","4,278","155,068","3,253","47,438","409"
"29/04/2021","QLD","141,866","2,377"
"29/04/2021","WA","93,964","2,007","71,661","1,434","22,303","573"
"29/04/2021","TAS","36,173","857"
"29/04/2021","SA","56,642","1,164"
"29/04/2021","ACT","27,219","635"
"29/04/2021","NT","15,777","351"
"28/04/2021","AUS","2,029,544","60,207"
"28/04/2021","Fed gov","210,770","5,567","134,495","3,322","76,275","2,245"
"28/04/2021","Primary care settings","1,057,804","36,576"
"28/04/2021","NSW","198,492","3,485","133,582","2,519","64,910","966"
"28/04/2021","VIC","198,228","6,584","151,355","3,334","46,873","505"
"28/04/2021","QLD","139,489","2,402"
"28/04/2021","WA","91,957","2,386","70,227","1,815","21,730","571"
"28/04/2021","TAS","35,316","1,021"
"28/04/2021","SA","55,478","1,205"
"28/04/2021","ACT","26,584","605"
"28/04/2021","NT","15,426","376"
"27/04/2021","AUS","1,969,337","31,852"
"27/04/2021","Fed gov","205,203","3,355","131,173","3,355","74,030","0"
"27/04/2021","Primary care settings","1,021,228","18,808"
"27/04/2021","NSW","195,007","2,671","131,063","2,264","63,944","407"
"27/04/2021","VIC","191,644","3,385","145,844","3,129","45,800","240"
"27/04/2021","QLD","137,087","706"
"27/04/2021","WA","89,571","1,210","68,412","1,019","21,159","191"
"27/04/2021","TAS","34,295","662"
"27/04/2021","SA","54,273","402"
"27/04/2021","ACT","25,979","645"
"27/04/2021","NT","15,050","8"
"26/04/2021","AUS","1,937,485","3,593"
"26/04/2021","Fed gov","201,848","0","127,818","0","74,030","0"
"26/04/2021","Primary care settings","1,002,420","1,738"
"26/04/2021","NSW","192,336","0","128,799","0","63,537","0"
"26/04/2021","VIC","188,259","516","142,700","494","45,559","22"
"26/04/2021","QLD","136,381","185"
"26/04/2021","WA","88,361","400","67,393","400","20,968","0"
"26/04/2021","TAS","33,633","0"
"26/04/2021","SA","53,871","251"
"26/04/2021","ACT","25,334","503"
"26/04/2021","NT","15,042","0"
"25/04/2021","AUS","1,933,892","19,845"
"25/04/2021","Fed gov","201,848","1,771","127,818","1,018","74,030","753"
"25/04/2021","Primary care settings","1,000,682","13,616"
"25/04/2021","NSW","192,336","591","128,799","371","63,537","220"
"25/04/2021","VIC","187,743","2,208","142,206","1,340","45,537","124"
"25/04/2021","QLD","136,196","0"
"25/04/2021","WA","87,961","316","66,993","316","20,968","0"
"25/04/2021","TAS","33,633","328"
"25/04/2021","SA","53,620","474"
"25/04/2021","ACT","24,831","541"
"25/04/2021","NT","15,042","0"
"24/04/2021","AUS","1,914,047","58,446"
"24/04/2021","Fed gov","200,077","5,508","126,800","3,719","73,277","1,789"
"24/04/2021","Primary care settings","987,066","39,562"
"24/04/2021","NSW","191,745","2,933","128,428","2,107","63,317","826"
"24/04/2021","VIC","185,535","3,109","140,179","2503","45,356","606"
"24/04/2021","QLD","136,196","2,343"
"24/04/2021","WA","87,645","2,276","66,677","1,467","20,968","809"
"24/04/2021","TAS","33,305","607"
"24/04/2021","SA","53,146","1,017"
"24/04/2021","ACT","24,290","666"
"24/04/2021","NT","15,042","425"
"23/04/2021","AUS","1,855,601","69,903"
"23/04/2021","Fed gov","194,569","5,248","123,081","2,642","71,488","2,606"
"23/04/2021","Primary care settings","947,504","47,050"
"23/04/2021","NSW","188,812","3,192","126,321","1,661","62,491","1,909"
"23/04/2021","VIC","182,426","5,599","137,676","3,837","44,750","1,546"
"23/04/2021","QLD","133,853","2,725"
"23/04/2021","WA","85,369","2,197","65,210","1,399","20,159","798"
"23/04/2021","TAS","32,698","1,302"
"23/04/2021","SA","52,129","1,455"
"23/04/2021","ACT","23,624","502"
"23/04/2021","NT","14,617","633"
"22/04/2021","AUS","1,785,698","67,591"
"22/04/2021","Fed gov","189,321","5,783","120,439","2,427","68,882","3,356"
"22/04/2021","Primary care settings","900,454","44,845"
"22/04/2021","NSW","185,620","4,185","125,038","2,265","60,582","1,920"
"22/04/2021","VIC","176,827","4,519","133,682","3,609","43,145","910"
"22/04/2021","QLD","131,128","2,573"
"22/04/2021","WA","83,172","2,510","63,811","1,571","19,361","939"
"22/04/2021","TAS","31,396","823"
"22/04/2021","SA","50,674","1,325"
"22/04/2021","ACT","23,122","503"
"22/04/2021","NT","13,984","525"
"21/04/2021","AUS","1,718,107","64,821"
"21/04/2021","Fed gov","183,538","6,018","118,012","2,719","65,526","3,299"
"21/04/2021","Primary care settings","855,609","42,747"
"21/04/2021","NSW","181,435","3,702","122,773","1,776","58,662","1,926"
"21/04/2021","VIC","172,308","4,058","130,073","2,913","42,235","1,093"
"21/04/2021","QLD","128,555","2,544"
"21/04/2021","WA","80,662","2,447","62,240","1,356","18,422","1,091"
"21/04/2021","TAS","30,573","1,156"
"21/04/2021","SA","49,349","1,234"
"21/04/2021","ACT","22,619","563"
"21/04/2021","NT","13,459","352"
"20/04/2021","AUS","1,653,286","67,034"
"20/04/2021","Fed gov","177,520","4,635","115,293","2,311","62,227","2,324"
"20/04/2021","Primary care settings","812,862","46,121"
"20/04/2021","NSW","177,733","3,881","120,997","1,813","56,736","2,068"
"20/04/2021","VIC","168,250","4,205","127,108","1,869","41,142","1,464"
"20/04/2021","QLD","126,011","3,146"
"20/04/2021","WA","78,215","1,971","60,884","901","17,331","1,070"
"20/04/2021","TAS","29,417","484"
"20/04/2021","SA","48,115","1,524"
"20/04/2021","ACT","22,056","724"
"20/04/2021","NT","13,107","343"
"19/04/2021","AUS","1,586,252","9,084"
"19/04/2021","Fed gov","172,885","534","112,982","334","59,903","200"
"19/04/2021","Primary care settings","766,741","5,756"
"19/04/2021","NSW","173,852","0","119,184","0","54,668","0"
"19/04/2021","VIC","164,045","1,492","124,723","651","39,322","226"
"19/04/2021","QLD","122,865","0"
"19/04/2021","WA","76,244","162","59,983","133","16261","29"
"19/04/2021","TAS","28,933","212"
"19/04/2021","SA","46,591","437"
"19/04/2021","ACT","21,332","480"
"19/04/2021","NT","12,764","11"
"18/04/2021","AUS","1,496,608","22,071"
"18/04/2021","Fed gov","172,351","1,637","112,648","748","59,703","889"
"18/04/2021","Primary care settings","680,425","17,947"
"18/04/2021","NSW","173,852","550","119,184","437","54,668","113"
"18/04/2021","VIC","162,553","445","123,704","445","38,849","410"
"18/04/2021","QLD","122,865","0"
"18/04/2021","WA","76,082","245","59,850","0","16232","245"
"18/04/2021","TAS","28,721","91"
"18/04/2021","SA","46,154","669"
"18/04/2021","ACT","20,852","487"
"18/04/2021","NT","12,753","0"
"17/04/2021","AUS","1,474,537","53,960"
"17/04/2021","Fed gov","170,714","6,066","111,900","3,397","58,814","2,669"
"17/04/2021","Primary care settings","662,478","33,189"
"17/04/2021","NSW","173,302","4,018","118,747","2,000","54,555","4,018"
"17/04/2021","VIC","162,108","3,610","123,294","1,613","38,814","1,220"
"17/04/2021","QLD","122,865","2,407"
"17/04/2021","WA","75,837","1,791","59850","1,176","15,987","615"
"17/04/2021","TAS","28,630","583"
"17/04/2021","SA","45,485","1,335"
"17/04/2021","ACT","20,365","552"
"17/04/2021","NT","12,753","409"
"16/04/2021","AUS","1,420,577","60,912"
"16/04/2021","Fed gov","164,648","5,956","108,503","3,070","56,145","2,886"
"16/04/2021","Primary care settings","629,289","40,009"
"16/04/2021","NSW","169,284","4,429","116,747","2,280","52,537","2,149"
"16/04/2021","VIC","158,498","2,570","120,964","1,920","37,534","1,345"
"16/04/2021","QLD","120,458","2,695"
"16/04/2021","WA","74,046","1,783","58,674","1,078","15,372","705"
"16/04/2021","TAS","28,047","959"
"16/04/2021","SA","44,150","1,549"
"16/04/2021","ACT","19,813","577"
"16/04/2021","NT","12,344","385"
"15/04/2021","AUS","1,359,665","63,993"
"15/04/2021","Fed gov","158,692","5,872","105,433","3,972","53,259","1,900"
"15/04/2021","Primary care settings","589,280","41,768"
"15/04/2021","NSW","164,855","4,218","114,467","2,312","50,388","1,906"
"15/04/2021","VIC","155,928","3,565","119,621","1,788","36,307","1,777"
"15/04/2021","QLD","117,763","2,738"
"15/04/2021","WA","72,263","1,679","57,596","839","14,667","840"
"15/04/2021","TAS","27,088","1,256"
"15/04/2021","SA","42,601","1,873"
"15/04/2021","ACT","19,236","592"
"15/04/2021","NT","11,959","432"
"14/04/2021","AUS","1,295,672","60,991"
"14/04/2021","Fed gov","152,820","4,489","101,461","","51,359"
"14/04/2021","Primary care settings","547,512","39,034"
"14/04/2021","NSW","160,637","4,743","112,155","2,661","48,482","2,082"
"14/04/2021","VIC","152,363","4,565","117,833","1,499","34,530","1,391"
"14/04/2021","QLD","115,025","2,606"
"14/04/2021","WA","70,584","1,689","56,757","825","13,827","864"
"14/04/2021","TAS","25,832","1,218"
"14/04/2021","SA","40,728","1,522"
"14/04/2021","ACT","18,644","585"
"14/04/2021","NT","11,527","540"
"13/04/2021","AUS","1,234,681","56,379"
"13/04/2021","Fed gov","148,331","5,341"
"13/04/2021","Primary care settings","508,478","34,900"
"13/04/2021","NSW","155,894","4,359","109,494","2,167","46,400","2,192"
"13/04/2021","VIC","147,798","3,478","115,309","997","32,489","1,429"
"13/04/2021","QLD","112,419","3,105"
"13/04/2021","WA","68,895","1,749","55,932","958","12,963","791"
"13/04/2021","TAS","24,614","887"
"13/04/2021","SA","39,206","1,550"
"13/04/2021","ACT","18,059","601"
"13/04/2021","NT","10,987","409","","","3783"
"12/04/2021","AUS","1,178,302","12,227"
"12/04/2021","Fed gov","142,990","923"
"12/04/2021","Primary care settings","473,578","8,138"
"12/04/2021","NSW","151,535","0","107,327","0","44,208","0"
"12/04/2021","VIC","144,320","903","114,065","483","30,255","420"
"12/04/2021","QLD","109,314","593"
"12/04/2021","WA","67,146","281","54,974","197","12,172","84"
"12/04/2021","TAS","23,727","155"
"12/04/2021","SA","37,656","740"
"12/04/2021","ACT","17,458","479"
"12/04/2021","NT","10,578","15"
"11/04/2021","AUS","1,166,075","27,209"
"11/04/2021","Fed gov","142,067","3,380"
"11/04/2021","Primary care settings","465,440","20,216"
"11/04/2021","NSW","151,535","410","107,327","218","44,208","192"
"11/04/2021","VIC","143,417","1,287","113,582","812","29,835","475"
"11/04/2021","QLD","108,721","0"
"11/04/2021","WA","66,865","306","54,777","136","12,088","170"
"11/04/2021","TAS","23,572","685"
"11/04/2021","SA","36,916","443"
"11/04/2021","ACT","16,979","482"
"11/04/2021","NT","10,563","0"
"10/04/2021","AUS","1,138,866","61,355"
"10/04/2021","Fed gov","138,687","5,635"
"10/04/2021","Primary care settings","445,224","36,934"
"10/04/2021","NSW","151,125","4,401","107,109","1,761","44,016","2,640"
"10/04/2021","VIC","142,130","4,810","112,770","2,711","29,360","2,099"
"10/04/2021","QLD","108,721","3,438"
"10/04/2021","WA","66,559","1,727","54,641","1,088","11,918","704"
"10/04/2021","TAS","22,887","1,412"
"10/04/2021","SA","36,473","1,470"
"10/04/2021","ACT","16,497","674"
"10/04/2021","NT","10,563","493"
"09/04/2021","AUS","1,077,511","83,311"
"09/04/2021","Fed gov","133,052","7,792"
"09/04/2021","Primary care settings","408,290","47,290"
"09/04/2021","NSW","146,724","6,173","105,348","3,242","41,376","2,931"
"09/04/2021","VIC","137,320","7,783","110,059","3,589","27,261","2,468"
"09/04/2021","QLD","105,283","4,985"
"09/04/2021","WA","64,767","2,470","53,553","1,590","11,214","880"
"09/04/2021","TAS","21,475","3,964"
"09/04/2021","SA","34,707","1,695"
"09/04/2021","ACT","15,823","689"
"09/04/2021","NT","10,070","470"
"08/04/2021","AUS","996,145","115,722"
"08/04/2021","Fed gov","125,260","12,430"
"08/04/2021","Primary care settings","361,000","80,057"
"08/04/2021","NSW","140,551","6,228","102,106","3,258","38,445","2,970"
"08/04/2021","VIC","129,537","5,778","105,744","3,675","23,793","2,103"
"08/04/2021","QLD","100,298","5,536"
"08/04/2021","WA","62,297","2,532","51,963","1,752","10,334","780"
"08/04/2021","TAS","17,511","0"
"08/04/2021","SA","32,635","1,900"
"08/04/2021","ACT","15,134","689"
"08/04/2021","NT","9,600","572"
"07/04/2021","AUS","920,334","23,118"
"07/04/2021","Fed gov","112,830","0"
"07/04/2021","Primary care settings","280,943","0"
"07/04/2021","NSW","134,323","6,984","98,848","3,304","35,475","3,680"
"07/04/2021","VIC","123,759","6,059","102,069","3,440","21,690","2,572"
"07/04/2021","QLD","94,762","5,412"
"07/04/2021","WA","59,765","2,301","50,211","1,431","9,554","870"
"07/04/2021","TAS","17,511","0"
"07/04/2021","SA","30,735","1,380"
"07/04/2021","ACT","14,445","671"
"07/04/2021","NT","9,028","311"
"06/04/2021","AUS","854,983","12,018"
"06/04/2021","Fed gov","112,830","957"
"06/04/2021","Primary care settings","280,943","5,211"
"06/04/2021","NSW","127,339","813","95,544","230","31,795","583"
"06/04/2021","VIC","117,700","1,023","98,584","633","19,116","390"
"06/04/2021","QLD","89,350","2,365"
"06/04/2021","WA","57,464","446","48,780","282","8684","164"
"06/04/2021","TAS","17,511","0"
"06/04/2021","SA","29,355","422"
"06/04/2021","ACT","13,774","664"
"06/04/2021","NT","8,717","117","","","2,336"
"05/04/2021","AUS","843,012","1,127"
"05/04/2021","Fed gov","111,873","0"
"05/04/2021","Primary care settings","275,732","0"
"05/04/2021","NSW","126,526","32","95,314","32","31,212","0"
"05/04/2021","VIC","116,677","443","97,951","131","18,726","312"
"05/04/2021","QLD","86,985","0"
"05/04/2021","WA","57,018","146","48,498","146","8520","0"
"05/04/2021","TAS","17,511","0"
"05/04/2021","SA","28,933","174"
"05/04/2021","ACT","13,110","332"
"05/04/2021","NT","8,600"
"04/04/2021","AUS","841,885","136,663"
"04/04/2021","Fed gov","111,873","12,873"
"04/04/2021","Primary care settings","275,732","118,724"
"04/04/2021","NSW","126,494","1,299","95,282","470","31,212","829"
"04/04/2021","VIC","116,234","247","97,820","246","18,414","1"
"04/04/2021","QLD","86,985","0"
"04/04/2021","WA","56,872","223","48,352","96","8520","127"
"04/04/2021","TAS","17,511","2,434"
"04/04/2021","SA","28,759","145"
"04/04/2021","ACT","12,778","348"
"04/04/2021","NT","8,647","370"
"03/04/2021","AUS","684,140","3,523"
"03/04/2021","Fed gov","99,000","0"
"03/04/2021","Primary care settings","157,008","0"
"03/04/2021","NSW","125,195","850","94,812","263","30,383","587"
"03/04/2021","VIC","115,987","1,015","97,574","661","18,413","354"
"03/04/2021","QLD","86,985","0"
"03/04/2021","WA","56,649","312","48,256","136","8393","176"
"03/04/2021","TAS","15,077"
"03/04/2021","SA","28,614","277"
"03/04/2021","ACT","12,430","1,069"
"03/04/2021","NT","8,277"
"02/04/2021","AUS","680,617","26,102"
"02/04/2021","Fed gov","99,000","0"
"02/04/2021","Primary care settings","157,008","0"
"02/04/2021","NSW","124,345","6,956","94,549","","29,796"
"02/04/2021","VIC","115,077","7,542","97,018","4,954","18,059","2,588"
"02/04/2021","QLD","86,985","7,451"
"02/04/2021","WA","56,337","2,840","48,120","1,815","8217","1040"
"02/04/2021","TAS","15,077"
"02/04/2021","SA","28,337","1,313"
"02/04/2021","ACT","11,361","0"
"02/04/2021","NT","8,277"
"01/04/2021","AUS","654,515","21,318"
"01/04/2021","Fed gov","99,000","0"
"01/04/2021","Primary care settings","157,008","0"
"01/04/2021","NSW","117,389","","NB. No breakdown of 1st and 2nd doses "
"01/04/2021","VIC","107,522","8,457","92,074","5,272","15,448","2,220"
"01/04/2021","QLD","79,534","7,592"
"01/04/2021","WA","53,482","2,751","46,305","640","7177","2111"
"01/04/2021","TAS","15,077","0"
"01/04/2021","SA","27,023","1,488"
"01/04/2021","ACT","11,361","542"
"01/04/2021","NT","8,277","488","","","2092"
"31/03/2021","AUS","633,197","65,213"
"31/03/2021","Fed gov","99,000","8,238"
"31/03/2021","Primary care settings","157,008","37,152"
"31/03/2021","NSW","96,273"
"31/03/2021","VIC","99,065","6,300","86,283","4,659","12,782","1,697"
"31/03/2021","QLD","71,942","6,813"
"31/03/2021","WA","50,731","3,030","45,665","3,030","5066","0"
"31/03/2021","TAS","15,077","1,327"
"31/03/2021","SA","25,535","1,390"
"31/03/2021","ACT","10,819","538"
"31/03/2021","NT","7,789","425"
"30/03/2021","AUS","567,984","26,223"
"30/03/2021","Fed gov","82,524","8,238"
"30/03/2021","Primary care settings","119,796","0"
"30/03/2021","NSW","96,273","0"
"30/03/2021","VIC","92,765","6,483","81,657","4,570","11,108","1,475"
"30/03/2021","QLD","65,129","6,003"
"30/03/2021","WA","47,701","2,610","42,635","1,813","5066","797"
"30/03/2021","TAS","13,750","659"
"30/03/2021","SA","24,145","1,358"
"30/03/2021","ACT","10,281","535"
"30/03/2021","NT","7,364","337"
"29/03/2021","AUS","541,761","137,469"
"29/03/2021","Fed gov","82,524","6,150"
"29/03/2021","Primary care settings","119,796","119,796"
"29/03/2021","NSW","96,273","7,077"
"29/03/2021","VIC","86,282","2,072","76,670","1,533","9,612","539"
"29/03/2021","QLD","59,126","196"
"29/03/2021","WA","45,091","549","40,822","381","4,269","4,269"
"29/03/2021","TAS","13,091","573"
"29/03/2021","SA","22,787","290"
"29/03/2021","ACT","9,746","317"
"29/03/2021","NT","7,027","449","","","1,429"
"28/03/2021","AUS","404,292","5,136"
"28/03/2021","Fed gov","76,374","0"
"28/03/2021","NSW","89,196","0"
"28/03/2021","VIC","84,210","3,512","75,137","1,809","9,073","515"
"28/03/2021","QLD","58,930","491"
"28/03/2021","WA","44,542","494","40,441","418","4,101","76"
"28/03/2021","TAS","12,518","0"
"28/03/2021","SA","22,497","306"
"28/03/2021","ACT","9,429","333"
"28/03/2021","NT","6,578","0"
"27/03/2021","AUS","399,138","14,764"
"27/03/2021","Fed gov","76,374","0"
"27/03/2021","NSW","89,196","0"
"27/03/2021","VIC","80,698","5,072"
"27/03/2021","QLD","58,439","4,546"
"27/03/2021","WA","44,048","2,383","40,023","1,802","4,025","581"
"27/03/2021","TAS","12,518","790"
"27/03/2021","SA","22,191","1,440"
"27/03/2021","ACT","9,096","533"
"27/03/2021","NT","6,578","0"
"26/03/2021","AUS","384,374","41,973"
"26/03/2021","Fed gov","76,374","9,712"
"26/03/2021","NSW","89,196","16,253"
"26/03/2021","VIC","75,626","6,034"
"26/03/2021","QLD","53,893","4,431"
"26/03/2021","WA","41,665","2,406","38,221","1,597","3,444","809"
"26/03/2021","TAS","11,728","721"
"26/03/2021","SA","20,832","1,496"
"26/03/2021","ACT","8,563","528"
"26/03/2021","NT","6,578","392"
"25/03/2021","AUS","342,401","16,347"
"25/03/2021","Fed gov","66,662","0"
"25/03/2021","NSW","72,943","0"
"25/03/2021","VIC","69,592","5,698"
"25/03/2021","QLD","49,462","4,394"
"25/03/2021","WA","39,259","2,569","36,624","","2,635"
"25/03/2021","TAS","11,007","1,153"
"25/03/2021","SA","19,255","1,504"
"25/03/2021","ACT","8,035","522"
"25/03/2021","NT","6,186","507"
"24/03/2021","AUS","326,054","18,729"
"24/03/2021","Fed gov","66,662","4,600"
"24/03/2021","NSW","72,943","0"
"24/03/2021","VIC","63,894","4,385"
"24/03/2021","QLD","45,068","4,198"
"24/03/2021","WA","36,690","2,186"
"24/03/2021","TAS","9,854","1,011"
"24/03/2021","SA","17,751","1,512"
"24/03/2021","ACT","7,513","529"
"24/03/2021","NT","5,679","308"
"23/03/2021","AUS","307,325","25,365"
"23/03/2021","Fed gov","62,062","3,704"
"23/03/2021","NSW","72,943","8,059"
"23/03/2021","VIC","59,509","4,486"
"23/03/2021","QLD","40,870","3,868"
"23/03/2021","WA","34,504","2,389"
"23/03/2021","TAS","8,843","798"
"23/03/2021","SA","16,239","1,323"
"23/03/2021","ACT","6,984","450"
"23/03/2021","NT","5,371","288"
"22/03/2021","AUS","281,960","25,178"
"22/03/2021","Fed gov","58,358","8,358"
"22/03/2021","NSW","64,884","13,277"
"22/03/2021","VIC","55,023","1,342"
"22/03/2021","QLD","37,002","0"
"22/03/2021","WA","32,115","603"
"22/03/2021","TAS","8,045","414"
"22/03/2021","SA","14,916","551"
"22/03/2021","ACT","6,534","633"
"22/03/2021","NT","5,083","0"
"21/03/2021","AUS","256,782","2,951"
"21/03/2021","Fed gov","50,000","0"
"21/03/2021","NSW","51,607","0"
"21/03/2021","VIC","53,681","1,398"
"21/03/2021","QLD","37,002","298"
"21/03/2021","WA","31,512","941"
"21/03/2021","TAS","7,631","0"
"21/03/2021","SA","14,365","314"
"21/03/2021","ACT","5,901","0"
"21/03/2021","NT","5,083","0"
"20/03/2021","AUS","253,831","13,077"
"20/03/2021","Fed gov","50,000","0"
"20/03/2021","NSW","51,607","0"
"20/03/2021","VIC","52,283","4,552"
"20/03/2021","QLD","36,704","4,177"
"20/03/2021","WA","30,571","2,437"
"20/03/2021","TAS","7,631"
"20/03/2021","SA","14,051","1,090"
"20/03/2021","ACT","5,901","522"
"20/03/2021","NT","5,083","299"
"19/03/2021","AUS","240,754","14,697"
"19/03/2021","Fed gov","50,000","0"
"19/03/2021","NSW","51,607","0"
"19/03/2021","VIC","47,731","4,742"
"19/03/2021","QLD","32,527","3,994"
"19/03/2021","WA","28,134","2,631"
"19/03/2021","TAS","7,631","916"
"19/03/2021","SA","12,961","1,599"
"19/03/2021","ACT","5,379","504"
"19/03/2021","NT","4,784","311"
"18/03/2021","AUS","226,057","22,500"
"18/03/2021","Fed gov","50,000","4,393"
"18/03/2021","NSW","51,607","4,787"
"18/03/2021","VIC","42,989","4,041"
"18/03/2021","QLD","28,533","3,360"
"18/03/2021","WA","25,503","2,559"
"18/03/2021","TAS","6,715","950"
"18/03/2021","SA","11,362","1,531"
"18/03/2021","ACT","4,875","502"
"18/03/2021","NT","4,473","377"
"17/03/2021","AUS","203,557","20,779"
"17/03/2021","Fed gov","45,607","2,807"
"17/03/2021","NSW","46,820","5,035"
"17/03/2021","VIC","38,948","3,666"
"17/03/2021","QLD","25,173","3,312"
"17/03/2021","WA","22,944","2,394"
"17/03/2021","TAS","5,765","1,149"
"17/03/2021","SA","9,831","1,531"
"17/03/2021","ACT","4,373","504"
"17/03/2021","NT","4,096","381"
"16/03/2021","AUS","182,778","18,000"
"16/03/2021","Fed gov","42,800","3,040"
"16/03/2021","NSW","41,785","4,232"
"16/03/2021","VIC","35,282","3,474"
"16/03/2021","QLD","21,861","3,156"
"16/03/2021","WA","20,550","1,602"
"16/03/2021","TAS","4,616","763"
"16/03/2021","SA","8,300","1,028"
"16/03/2021","ACT","3,869","509"
"16/03/2021","NT","3,715","196"
"15/03/2021","AUS","164,778","2,230"
"15/03/2021","Fed gov","39,760","0"
"15/03/2021","NSW","37,553","733"
"15/03/2021","VIC","31,808","606"
"15/03/2021","QLD","18,705","0"
"15/03/2021","WA","18,948","557"
"15/03/2021","TAS","3,853","186"
"15/03/2021","SA","7,272","148"
"15/03/2021","ACT","3,360","0"
"15/03/2021","NT","3,715","0"
"14/03/2021","AUS","162,548","2,913"
"14/03/2021","Fed gov","39,760","826"
"14/03/2021","NSW","36,820","0"
"14/03/2021","VIC","31,202","904"
"14/03/2021","QLD","18,705","294"
"14/03/2021","WA","18,391","643"
"14/03/2021","TAS","3,667","0"
"14/03/2021","SA","7,124","246"
"14/03/2021","ACT","3,360","0"
"14/03/2021","NT","3,519","0"
"13/03/2021","AUS","159,635","24,532"
"13/03/2021","Fed gov","38,934","8,934"
"13/03/2021","NSW","36,820","5,507"
"13/03/2021","VIC","30,298","4,350"
"13/03/2021","QLD","18,411","2,291"
"13/03/2021","WA","17,748","1,796"
"13/03/2021","TAS","3,667","6"
"13/03/2021","SA","6,878","1,056"
"13/03/2021","ACT","3,360","335"
"13/03/2021","NT","3,519","257"
"12/03/2021","AUS","135,103","10,103"
"12/03/2021","Fed gov","30,000","0"
"12/03/2021","NSW","31,313","0"
"12/03/2021","VIC","25,948","3,631"
"12/03/2021","QLD","16,120","2,131"
"12/03/2021","WA","15,952","2,454"
"12/03/2021","TAS","3,661","406"
"12/03/2021","SA","5,822","951"
"12/03/2021","ACT","3,025","338"
"12/03/2021","NT","3,262","192"
"11/03/2021","AUS","125,000","20,258"
"11/03/2021","Fed gov","30,000","6,005"
"11/03/2021","NSW","31,313","4,313"
"11/03/2021","VIC","22,317","3,992"
"11/03/2021","QLD","13,989","1,993"
"11/03/2021","WA","13,498","2,125"
"11/03/2021","TAS","3,255","542"
"11/03/2021","SA","4,871","597"
"11/03/2021","ACT","2,687","305"
"11/03/2021","NT","3,070","386"
"10/03/2021","AUS","104,742","10,916"
"10/03/2021","Fed gov","23,995","0"
"10/03/2021","NSW","27,000","3,077"
"10/03/2021","VIC","18,325","2,831"
"10/03/2021","QLD","11,996","1,904"
"10/03/2021","WA","11,373","2,084"
"10/03/2021","TAS","2,713","8"
"10/03/2021","SA","4,274","450"
"10/03/2021","ACT","2,382","227"
"10/03/2021","NT","2,684","335"
"09/03/2021","AUS","93,826","7,457"
"09/03/2021","Fed gov","23,995","0"
"09/03/2021","NSW","23,923","2,160"
"09/03/2021","VIC","15,494","1,072"
"09/03/2021","QLD","10,092","1,792"
"09/03/2021","WA","9,289","1,449"
"09/03/2021","TAS","2,705","378"
"09/03/2021","SA","3,824","119"
"09/03/2021","ACT","2,155","204"
"09/03/2021","NT","2,349","283"
"08/03/2021","AUS","86,369","5,369"
"08/03/2021","Fed gov","23,995","995"
"08/03/2021","NSW","21,763","2,214"
"08/03/2021","VIC","14,422","844"
"08/03/2021","QLD","8,300","0"
"08/03/2021","WA","7,840","968"
"08/03/2021","TAS","2,327","0"
"08/03/2021","SA","3,705","120"
"08/03/2021","ACT","1,951","2"
"08/03/2021","NT","2,066","226"
"07/03/2021","AUS","81,000","4,927"
"07/03/2021","Fed gov","23,000","3,000"
"07/03/2021","NSW","19,549","522"
"07/03/2021","VIC","13,578","727"
"07/03/2021","QLD","8,300","292"
"07/03/2021","WA","6,872","256"
"07/03/2021","TAS","2,327","0"
"07/03/2021","SA","3,585","130"
"07/03/2021","ACT","1,949","0"
"07/03/2021","NT","1,840","0"
"06/03/2021","AUS","76,073","5,073"
"06/03/2021","Fed gov","20,000","0"
"06/03/2021","NSW","19,027","0"
"06/03/2021","VIC","12,851","1,944"
"06/03/2021","QLD","8,008","1,474"
"06/03/2021","WA","6,616","1,070"
"06/03/2021","TAS","2,327","0"
"06/03/2021","SA","3,455","393"
"06/03/2021","ACT","1,949","192"
"06/03/2021","NT","1,840","0"
"05/03/2021","AUS","71,000","9,992"
"05/03/2021","Fed gov","20,000","2,000"
"05/03/2021","NSW","19,027","2,222"
"05/03/2021","VIC","10,907","2,262"
"05/03/2021","QLD","6,534","1,125"
"05/03/2021","WA","5,546","1,200"
"05/03/2021","TAS","2,327","357"
"05/03/2021","SA","3,062","380"
"05/03/2021","ACT","1,757","194"
"05/03/2021","NT","1,840","252"
"04/03/2021","AUS","61,008","10,168"
"04/03/2021","Fed gov","18,000","2,550"
"04/03/2021","NSW","16,805","2,205"
"04/03/2021","VIC","8,645","1,969"
"04/03/2021","QLD","5,409","1,197"
"04/03/2021","WA","4,346","827"
"04/03/2021","TAS","1,970","470"
"04/03/2021","SA","2,682","356"
"04/03/2021","ACT","1,563","244"
"04/03/2021","NT","1,588","350"
"03/03/2021","AUS","50,840","8,933"
"03/03/2021","Fed gov","15,450","2,102"
"03/03/2021","NSW","14,600","2,178"
"03/03/2021","VIC","6,676","1,656"
"03/03/2021","QLD","4,212","1,202"
"03/03/2021","WA","3,519","657"
"03/03/2021","TAS","1,500","335"
"03/03/2021","SA","2,326","406"
"03/03/2021","ACT","1,319","144"
"03/03/2021","NT","1,238","253"
"02/03/2021","AUS","41,907","8,220"
"02/03/2021","Fed gov","13,348","3,277"
"02/03/2021","NSW","12,422","2,083"
"02/03/2021","VIC","5,020","1,158"
"02/03/2021","QLD","3,010","980"
"02/03/2021","WA","2,862","0"
"02/03/2021","TAS","1,165","0"
"02/03/2021","SA","1,920","290"
"02/03/2021","ACT","1,175","195"
"02/03/2021","NT","985","237"
"01/03/2021","AUS","33,702","4,110"
"01/03/2021","Fed gov","10,071","571"
"01/03/2021","NSW","10,339","2,839"
"01/03/2021","VIC","3,862","100"
"01/03/2021","QLD","2,030","0"
"01/03/2021","WA","2,862","278"
"01/03/2021","TAS","1,165","6"
"01/03/2021","SA","1,630","149"
"01/03/2021","ACT","980","0"
"01/03/2021","NT","748","167"
"28/02/2021","AUS","31,894","4,251"
"28/02/2021","Fed gov","9,500","1,390"
"28/02/2021","NSW","7,500","na"
"28/02/2021","VIC","3,762","149"
"28/02/2021","QLD","2,030","0"
"28/02/2021","WA","2,584","285"
"28/02/2021","TAS","1,159","0"
"28/02/2021","SA","1,481","110"
"28/02/2021","ACT","980","0"
"28/02/2021","NT","581","na"
"27/02/2021","AUS","27,643","4,139"
"27/02/2021","Fed gov","8,110","1,610"
"27/02/2021","NSW","7,500","na"
"27/02/2021","VIC","3,613","711"
"27/02/2021","QLD","2,030","653"
"27/02/2021","WA","2,299","645"
"27/02/2021","TAS","1,159","0"
"27/02/2021","SA","1,371","318"
"27/02/2021","ACT","980","202"
"27/02/2021","NT","581","na"
"26/02/2021","AUS","23,504","6,920"
"26/02/2021","Fed gov","6,500","1,785"
"26/02/2021","NSW","7,500","2,000"
"26/02/2021","VIC","2,902","839"
"26/02/2021","QLD","1,377","435"
"26/02/2021","WA","1,654","454"
"26/02/2021","TAS","1,159","352"
"26/02/2021","SA","1,053","308"
"26/02/2021","ACT","778","254"
"26/02/2021","NT","581","493"
"25/02/2021","AUS","17,500","7,500"
"25/02/2021","Fed gov","4,715","1,623"
"25/02/2021","NSW","5,500","2,300"
"25/02/2021","VIC","2,063","808"
"25/02/2021","QLD","942","415"
"25/02/2021","WA","1,200","400"
"25/02/2021","TAS","807","424"
"25/02/2021","SA","745","340"
"25/02/2021","ACT","524","274"
"25/02/2021","NT","88","na"
"24/02/2021","AUS","10,000","4,114"
"24/02/2021","Fed gov","3,092","92"
"24/02/2021","NSW","3,200","1,900"
"24/02/2021","VIC","1,255","675"
"24/02/2021","QLD","527","324"
"24/02/2021","WA","800","422"
"24/02/2021","TAS","383","293"
"24/02/2021","SA","405","208"
"24/02/2021","ACT","250","200"
"24/02/2021","NT","88","na"
"23/02/2021","AUS","6,000","4,400"
"23/02/2021","Fed gov","3,000","3,000"
"23/02/2021","NSW","1,300","1,300"
"23/02/2021","VIC","580","580"
"23/02/2021","QLD","203","203"
"23/02/2021","WA","378","378"
"23/02/2021","TAS","90","90"
"23/02/2021","SA","197","197"
"23/02/2021","ACT","50","50"
"23/02/2021","NT","88","88"
"22/02/2021","AUS","1,600","20"
